<beans xmlns="http://www.springframework.org/schema/beans"
xmlns:xsi="http://www.w3.org/2001/XMLSchema-instance"
xmlns:context="http://www.springframework.org/schema/context"
xmlns:mvc="http://www.sspringframeworkorg/schema/mvc"

xsi:schemaLocation="

http://www.springframework.org/schema/beans
http://www.springframework.org/schema/beans/spring-beans-4.0.xsd
http://www.springframework.org/schema/context
http://www.springframework.org/schema/context/spring-context.xsd
http://www.springframework.org/schema/mvc
http://www.springframework.org/schema/mvc/spring-mvc.xsd">

 
<context:component-scan base-package="com.niit.*" />
 
<bean class="org.springframework.web.servlet.view.InternalResourceViewResolver">
<property name="prefix">
   <value>/view/</value>
</property>
<property name="suffix">
    <value>.jsp</value>
</property>
</bean>
<bean id="multipartResolver" class="org.springframework.web.multipart.commons.CommonsMultipartResolver">
<property name="maxUploadSize" value="100000"/></bean>
</beans>