<?xml version="1.0" encoding="UTF-8"?>
<flow xmlns="http://www.springframework.org/schema/webflow"
xmlns:xsi="http://www.w3.org/2001/XMLSchema-instance"
xsi:schemaLocation="http://www.springframework.org/schema/webflow
http://www.springframework.org/schema/webflow/spring-webflow-2.0.xsd">

<on-start>
	<evaluate expression="registrationHandler.initFlow()" result="flowScope.user" />
</on-start>
<view-state id="start" view="memberDetails" model="flowScope.user">
	<transition on="submit" to="validate" />
</view-state>
<action-state id="validate">
	<evaluate expression="registrationHandler.validateDetails(user,messageContext)"></evaluate>
	<transition on="success" to="conformDetails" />
	<transition on="failure" to="start" />
</action-state>
<view-state id="confirmDetails" view="confirmDetails" model="flowScope.user">
	<transition on="edit" to="start" />
	<transition on="submit" to="welcome" />
</view-state>
<end-state id="welcome" view="welcome" />
<end-state id="toHome"
	view="externalRedirect:contextRelative:shoppingcarthome.jsp"></end-state>
<end-state id="toException" view="externalRedirect:contextRelative:exception.jsp" />
</flow>